word,frequency
tercera,29
marco,46
programatico,29
articulando,2
ciudad,48
desarrollo,120
valle,2
aburra,2
departamento,17
asociatividad,1
municipios,1
subregiones,1
contexto,6
competitividad,3
territorial,52
cara,5
anterior,5
relacionan,2
componente,23
politica,53
publica,65
seguridad,117
alimentaria,1
acuerdo,15
municipal,35
sistema,29
gestion,127
ambiental,4
municipio,42
mujeres,18
urbanas,6
rurales,7
capitulo,1
linea,51
estrategica,11
gobernanza,23
gobernabilidad,17
principio,2
fundamental,2
entender,2
constituye,3
criterio,3
orienta,5
presente,2
proteccion,19
defensa,7
publico,47
negociable,1
pos,1
tura,2
seran,1
soporte,2
institucionalidad,10
ciudadania,36
reconozcan,2
mutuamente,1
actores,23
fundamentales,4
construccion,33
futuro,45
debemos,2
fortalecer,44
vivimos,1
sociedad,20
conocimiento,23
cambio,3
social,71
requiere,3
sumar,1
manera,21
efectiva,7
capacidades,27
enfoque,11
pone,1
primero,1
gober,1
nanza,1
sintonia,1
agenda,10
ods,7
perspectiva,9
planteado,2
programa,36
naciones,3
unidas,3
pnud,1
señala,1
democratica,10
refiere,2
gobiernos,1
bajo,12
principios,6
garantia,9
derechos,51
humanos,31
libertad,8
participacion,132
decisiones,13
publicas,18
dejar,1
nadie,1
talleres,1
territoriales,16
encuentros,4
sectoriales,3
poblacionales,12
participaron,1
alrededor,3
personas,26
aportaron,1
tres,1
elementos,6
clave,4
primer,1
lugar,2
reconocimiento,10
parti,2
cipacion,2
ciudadana,96
derecho,9
sino,6
camino,2
lograr,8
metas,9
lineas,2
plan,61
sentido,4
transversal,1
aporta,1
generamos,1
nuevas,10
relaciones,7
horizontalidad,1
organizacio,1
nes,3
sociales,38
segundo,1
proceso,12
participativo,8
demuestra,2
impostergable,1
tanto,9
necesario,3
modelo,17
identificar,2
organizar,1
poner,2
disposicion,2
procesos,81
organizaciones,23
comunitarios,21
datos,9
estadisticos,1
numericos,1
informacion,47
otros,10
saberes,3
derivados,1
experiencia,3
deben,7
tenidos,1
base,51
pro,3
cesados,1
logica,2
innovacion,15
eficiente,12
httpswwwcoundporgcontentcolombiaeshomedemocraticgovernanceandpeacebuildinghtml,1
finalmente,1
aporto,1
res,1
paldo,1
importante,3
vision,6
queremos,4
construir,7
territorios,13
justos,1
seguros,2
articulados,2
diferentes,23
escalas,2
barrial,2
global,3
paz,34
proposito,6
generar,13
condiciones,13
institucionales,15
politicas,19
ciuda,3
danas,2
fortalecimiento,39
generando,6
sinergia,1
gobierno,36
buscamos,2
dialogo,3
abierto,7
concertacion,1
colectiva,6
ciudadanos,34
colectivo,8
territorio,37
instalacion,1
locales,8
uso,7
dato,2
activo,1
otorga,1
valor,9
articulacion,41
intra,1
interinstitucional,2
transparente,10
gobernar,3
tomando,4
evidencia,1
empirica,1
tecnica,5
estableciendo,3
objetivos,32
prioridades,7
claras,3
integrando,2
universidad,1
empresa,1
civil,9
estado,11
administracion,26
recursos,16
haremos,1
aus,1
teridad,1
transparencia,8
eficiencia,3
maquillaje,1
apoyados,3
tecnologias,2
digitales,2
trabajo,12
ciudadanas,20
ayuden,1
mejorar,11
cuidar,1
publicos,19
ello,7
enfocaremos,1
generacion,19
confianza,15
institucional,33
partir,14
implemen,1
tacion,1
continuidad,4
practicas,11
manejo,7
racional,1
articulado,5
finanzas,2
inte,1
rinstitucional,1
coordinando,1
acciones,55
conjuntas,3
mejoramiento,11
objetivo,38
ejercicio,11
apuesta,6
nuevo,3
liderazgo,9
institucio,3
nal,2
procure,2
mecanismos,15
interna,3
focalizacion,4
accion,19
cierre,3
brechas,3
basadas,4
conjuguen,1
integrales,2
integradas,1
humano,15
sostenible,14
indicadores,77
resultado,18
unidad,45
meta,47
responsable,43
corresponsable,7
medida,44
nivel,17
satisfaccion,6
humana,12
porcentaje,94
oferta,3
servicio,13
indice,12
desempeño,9
dap,3
calificacion,1
rango,2
fiscal,2
solvente,2
hacienda,4
favorabilidad,1
sentencias,1
ejecutoriadas,1
general,34
sostenibilidad,10
conglomerado,10
alcanzada,1
privada,7
entidades,17
lineamientos,9
implementados,4
emitidos,1
corporativo,5
aproba,1
comite,5
incluye,5
orientadas,11
talento,9
recuperacion,2
aportara,3
cumplimiento,17
monitoreara,4
indicador,6
relaciona,6
continuacion,5
figura,5
iga,1
fuente,6
procuraduria,1
incrementar,2
llegar,1
programas,30
descripcion,29
desarrollar,10
planes,10
requeridos,3
ambiente,3
laboral,9
reconoce,4
rol,3
servidores,6
capacita,1
habilidades,4
competencias,5
promueve,4
bienestar,10
fidelizacion,1
alta,1
calidad,21
incentiva,1
meritorio,1
enfocados,1
establecido,5
integrado,4
planeacion,49
mipg,2
integridad,1
legalidad,2
motores,1
resultados,6
gestionar,14
etapas,2
ciclo,1
vida,23
mediante,36
proyectos,35
promuevan,5
potenciacion,2
dimensiones,2
integralidad,2
compromiso,1
involucramiento,1
empoderamiento,3
inherentes,1
contribuyendo,5
entidad,4
prestacion,2
especificos,27
contribuir,9
incrementando,1
trategias,1
alcaldia,8
aseguren,1
servidoras,2
saludables,1
salud,7
integral,21
mental,2
fisica,4
espiritual,1
aumento,1
disponer,4
actualizada,2
organizada,2
digitalizada,1
registrada,1
expe,1
dientes,1
historias,1
laborales,1
logico,1
basado,2
mejora,4
continua,12
organizacion,2
planificacion,12
aplicacion,9
evaluacion,14
auditoria,2
busca,12
anticipar,1
reconocer,4
evaluar,2
controlar,2
riesgos,6
puedan,3
afectar,1
central,9
adelantar,2
actividades,5
permitan,22
formar,3
blandas,1
consciente,2
comunicacion,32
equipo,1
inteligencia,10
emocional,1
solucionar,1
necesidades,13
vivienda,4
pensionados,1
grupo,2
familiar,1
producto,59
creditos,1
adjudicados,1
subsecretaria,4
numero,97
intervenciones,5
efectuadas,2
cercano,3
establece,1
diversos,6
mayor,13
frente,13
reales,1
comunidades,5
pretendemos,1
enfocarnos,1
implementacion,28
igual,3
forma,12
canales,4
atencion,36
participen,1
ejerzan,1
cercana,3
estrategia,8
racio,1
nalizacion,1
tramites,2
garantizando,3
esquemas,1
autenticacion,1
interoperabilidad,1
almacenamiento,1
conservacion,1
electronica,1
agilizar,1
acceso,14
servicios,18
usuarios,4
desafios,2
cuarta,1
revolucion,1
industrial,1
propender,2
acercamiento,4
alcalde,4
gabinete,1
bre,1
chas,1
cercania,1
dependen,2
cias,2
sector,3
entes,5
descentralizados,5
contar,5
orientado,3
racionalizacion,1
respuestas,1
oportunas,1
disponibles,2
optimice,1
utilicen,1
tecnolo,1
gias,1
socializar,1
local,23
grupos,24
interes,17
lazo,1
visibilidad,2
esfuerzo,1
ciudadano,9
neto,1
promotores,1
nps,1
cooperacion,7
construidas,3
aliados,4
nacionales,5
internacionales,5
agendas,8
socializadas,1
genero,26
efectuados,1
dependencias,17
realizan,3
ejercicios,10
rendicion,4
cuentas,5
siguiendo,1
dafp,1
direccionamiento,8
estrategico,18
gerenciar,1
optimizar,5
economias,1
escala,2
sujetas,1
propietario,1
garantizar,16
perdurabilidad,1
tiempo,2
diseñado,7
herramientas,12
centro,8
estudios,8
financiera,4
juridico,4
comunicaciones,28
ambientes,1
control,32
compras,1
sostenibles,5
permite,2
implementar,13
mejores,5
conforman,1
ente,1
permitiendole,1
competitivo,1
diversificado,1
globalizado,1
ademas,5
gerencia,7
pretende,1
inversion,6
potenciar,7
establecer,4
coordinacion,10
descentralizado,3
logrando,1
administrativa,4
municipales,4
estructurado,1
pilares,1
buenas,2
facilitando,1
clima,1
estrategicos,5
procura,1
relacion,7
estable,1
ductiva,1
propendiendo,2
implementado,11
ejecutados,2
eventos,1
academicos,2
realizados,6
aumentar,4
respuesta,5
retos,7
emergentes,1
constante,1
entorno,4
socio,1
economico,4
politico,5
financiero,1
ministrativo,1
infraestructura,8
cultural,10
tecnologico,1
reconfigura,1
rapidamente,1
historicas,1
demandas,5
acumuladas,1
transformacion,12
misional,2
otra,1
cosa,1
ciu,1
dadanas,1
subsidiario,1
propio,2
lograremos,1
transformar,3
presencia,4
viva,1
estrategias,44
generen,1
mayores,2
fin,10
obtener,1
terminos,1
politicos,3
financieros,2
administrativos,2
economicos,4
ambientales,1
tecnologicos,3
culturales,3
conlleven,2
quehacer,3
realizar,5
gestiones,1
necesarias,5
modernizacion,1
estruc,2
organizacional,2
aquellas,2
requieran,1
capacida,1
des,1
tecnicos,2
optimizacion,2
funcion,4
plementacion,1
medicion,3
autodiagnostico,1
apropiacion,5
dar,5
adecuada,5
administrar,3
bienes,6
muebles,1
inmuebles,3
propiedad,1
cadena,1
abastecimiento,1
innovadoras,3
prestar,1
oportunidad,4
interaccion,1
realizada,2
tomadas,1
avances,1
definidos,2
normativi,1
dad,3
vigente,3
impartidos,1
administrativo,9
niveles,6
avance,7
sostenido,1
ahorros,1
adquisicion,1
suministros,4
ratificacion,1
certificacion,1
normas,6
iia,1
contractuales,1
fiscales,2
intervenidos,2
contratacion,2
adelantados,2
modalidades,4
regimen,1
especial,3
otras,5
causales,1
directa,2
promover,16
imple,1
mentacion,1
sensibilizacion,2
maximicen,1
utilizacion,5
fisicos,1
obtencion,3
necesarios,3
financiar,2
ejecutar,6
munici,2
pio,2
eficaz,4
eficazmente,1
cualificacion,4
aprovechamiento,3
espacio,6
equipamientos,4
impacto,6
vinculen,1
capital,4
privado,4
eje,5
cutar,1
ejecucion,8
obligacion,2
legal,1
cartera,2
estructurados,2
vinculacion,3
modelos,1
inmobiliarios,1
agencia,4
app,6
ley,9
ingreso,1
corriente,1
proyectado,1
billones,1
mediano,1
plazo,3
mfmp,2
pesos,3
cuatrienio,4
millones,2
gestionada,1
expedientes,1
tramitados,3
transito,1
expediente,1
movilidad,1
transporte,1
tramitado,1
transferencias,1
realizadas,8
fonpet,1
prefactibilidad,2
factibilidad,1
evaluados,1
esquema,1
proyecciones,3
fueron,1
relativamente,1
bajas,1
respecto,3
ejecutado,2
embargo,1
actuales,2
recaudar,1
alto,5
cuatrie,1
nio,1
pasado,1
pilar,2
prevenir,4
detectar,1
mitigar,1
juridicos,2
actuar,3
proteger,4
patrimonio,4
uniformes,1
tipo,3
preventivo,2
juridica,6
ejerciendo,1
prevencion,37
daño,4
antijuridico,4
representacion,2
judicial,3
extrajudicial,1
obedeciendo,1
coherencia,1
transferencia,2
univocidad,1
direc,1
trices,1
minimizacion,1
potenciales,3
mate,1
rializacion,1
judiciales,1
unificar,1
criterios,5
posiciones,1
juridicas,3
temas,6
asegurar,1
mantenimiento,4
actualizacion,4
difusion,2
oportuna,8
identificadas,4
estrategicas,3
evitar,1
estructurar,2
alternativas,5
solucion,4
conflictos,13
medios,23
presenten,1
favor,2
retroalimentar,1
especializada,2
operadores,1
dentro,2
directrices,1
capacitacion,3
implementadas,4
victimas,23
justicia,30
comprometidos,1
conjunto,3
afirmativas,2
promovidas,2
superar,3
violencia,12
temor,1
valores,3
fundamento,1
cultura,14
justa,1
pacifico,1
justo,1
incluyente,5
consolide,2
nucleo,1
dado,3
haber,1
resolucion,10
buscaremos,1
realidad,3
esfera,4
ins,1
titucional,1
cotidiana,2
continuaremos,2
construyendo,1
memoria,10
reparacion,12
simbolica,5
liderados,1
museo,5
casa,5
aporten,1
comprension,4
conflicto,17
armado,12
violencias,8
efectos,4
jado,1
guerra,2
especialmente,3
visibilizando,1
resistencias,1
emprendidas,1
aborden,1
cotidianidad,1
procurando,1
pacifica,6
convivencia,107
basada,2
respeto,5
diferencia,1
fortalece,3
remos,1
mejoraremos,1
sean,4
respetadas,1
atendidas,5
premura,1
garanticen,2
mesa,1
transicional,2
elaboracion,3
pat,1
apoyaremos,1
iniciati,1
vas,1
continuara,1
siendo,3
preservacion,1
circulacion,1
memorias,1
visibilizara,1
componentes,1
iniciativas,5
proyecto,2
busqueda,5
desaparecidas,2
acompa,2
ñaremos,1
amplificaremos,1
voces,1
puente,1
mantendremos,1
conpaz,1
claves,3
reconciliacion,4
dinamizar,1
sectores,5
pobla,1
ciones,2
tramitacion,1
multiples,2
promocion,28
educacion,4
sociedades,3
justas,1
seguras,4
teniendo,1
adolescentes,8
infractores,3
seguimiento,15
tratamiento,2
drogas,1
culminado,1
acceden,4
inclusion,20
medidas,7
asistencia,7
familia,19
postpenadas,3
logran,1
emprendimiento,3
ocupacional,1
contratadas,1
casos,6
gestionadas,2
fomentan,1
sociocultural,1
garantias,8
repeticion,6
buscan,2
aportar,4
pacificas,1
inclusivas,2
soste,1
nible,1
facilitar,4
eficaces,1
rindan,1
sana,2
cualquier,2
edad,2
contribucion,2
intrafamiliar,4
theta,1
formas,4
empezando,1
gestan,1
interior,3
reduzcan,1
instituciones,5
foque,1
restablecimiento,3
regulacion,3
sancion,2
comportamientos,5
contrarios,4
problematicas,8
familiares,3
promoviendo,3
contribuyan,3
miras,1
consiguiente,1
resalta,1
labor,2
casas,3
comisarias,4
inspecciones,2
policia,3
capacidad,5
reduccion,5
corregi,1
durias,1
codigo,1
nacional,6
efectuar,3
descentralizacion,2
formal,3
presentes,1
responsabilidad,1
penal,1
srpa,2
garanti,1
zando,1
familias,5
funcionando,2
centros,4
poblacion,26
diseñada,3
implementada,7
inspeccion,3
animal,1
niños,5
niñas,5
diferenciales,1
contenidas,2
permiten,2
ofrecer,1
diferenciadas,1
habitan,1
incidencia,12
interno,1
colombiano,1
dicha,2
goce,5
efectivamente,1
dere,1
chos,1
aportando,2
asentadas,2
repara,1
cion,12
vulnerados,2
ocasion,2
encuentren,1
fase,1
valoracion,3
autonomia,1
economica,6
ingresos,3
rehabilitacion,2
repeti,1
victima,1
individual,2
moral,1
competencia,2
ocurrencia,1
hechos,6
victimizantes,1
perspectivas,1
temprana,1
urgente,2
tramitarlos,1
mitigarlos,1
superarlos,1
acompañamiento,9
retorno,2
reubicacion,1
princi,1
pios,1
voluntariedad,1
dignidad,1
restitucion,1
desplazamiento,5
forzado,6
declaran,1
victimizacion,5
beneficiadas,2
subsistencia,1
minima,1
tabla,10
siguiente,10
pagina,10
pedagogicas,4
articuladas,2
verdad,2
riesgo,3
personales,3
violacion,1
identificados,3
retornadas,2
reubicadas,2
voluntaria,2
acompañadas,3
tecnicamente,1
monitoreo,3
vulnerable,3
historica,2
superacion,4
accio,1
renovacion,1
discursos,2
individuales,3
colectivas,3
reconocernos,1
sujetos,1
responsables,1
transformaciones,2
permanente,2
encaminadas,2
contextos,1
saliendo,1
apoyo,3
carcelaria,2
desmovilizada,1
reintegracion,3
reincorporacion,3
experiencias,6
ultimo,2
alberga,1
custodia,1
asociadas,2
gnr,1
logicas,1
manifestaciones,1
causas,1
estructurales,1
generado,1
resolver,1
empoderando,1
conversacion,1
discusion,3
propuesta,2
movilizacion,21
impulsar,3
for,3
participantes,3
educativas,1
interactuan,1
contenidos,1
mcm,1
espacios,6
apoyadas,2
empleabilidad,1
jovenes,5
semilleros,1
primaria,1
delito,7
hombres,2
lgtbi,1
privadas,5
intervencion,4
carceles,1
capacitas,1
femenino,1
formulada,5
ddhh,5
estandares,2
direcciona,1
violaciones,1
efectivo,6
vinculos,2
organismos,17
departamentales,1
posibilita,2
svjrgnr,1
demas,6
disfrute,1
fomentar,2
habitantes,5
vulneracion,4
atender,3
oportunamente,1
referidos,1
trata,3
delitos,7
lideres,3
lideresas,5
defensoresas,2
apoyar,3
dadas,1
jardin,1
cementerio,1
universal,1
analisis,7
situacion,3
vulneraciones,1
nna,1
sexuales,2
amenazas,1
atendidos,1
rutas,3
autoridades,4
desaparicion,3
forzada,2
identificacion,10
entrega,1
cuerpos,1
reconocidas,1
seguridades,6
trabajar,2
segura,2
preocupada,1
apueste,1
solidaridad,5
honestidad,1
fundantes,1
antioqueña,1
sobrepongan,1
imaginarios,1
apuestan,1
dinero,1
facil,1
desvalorizacion,1
centramos,1
multidimensional,1
creacion,6
objetivas,1
subjetivas,1
habitar,3
tran,1
quilidad,1
relacionarse,1
percepcion,2
alli,1
prefiramos,1
hablar,1
movilizaremos,1
mirada,1
singular,1
ampliar,4
abanico,1
pluralidad,2
envuelven,1
complejidad,1
personal,4
comunitaria,5
clasificacion,1
informe,1
apostamos,1
enten,1
diendo,1
concepcion,1
amplia,2
concepto,1
subraya,1
necesidad,3
nueva,1
estructura,1
combine,1
orientada,1
creemos,1
perspec,1
tiva,2
enfocadas,3
hacia,5
consolidar,5
ecosistema,1
sinergico,1
policiales,1
comunidad,4
promueva,1
colectivos,3
tasa,15
homicidios,5
hurto,3
vehiculos,1
hurtados,1
motocicletas,1
hurtadas,1
establecimientos,2
comerciales,1
residencias,1
feminicidios,3
solicitudes,2
otorgadas,1
riñas,1
reportadas,2
lesiones,1
conductas,1
contrarias,1
relacionados,2
misionalidad,1
homicidio,4
extorsion,2
denuncias,1
avanzar,5
implementara,1
favorecer,3
previstas,1
respecta,1
inml,1
sijin,1
cti,1
procesados,1
sisc,2
retomar,1
tendencia,1
estaba,1
registrando,1
acerque,1
cien,1
mil,1
direccionar,2
desarrollara,1
parten,1
consignado,1
dispuesto,1
rediseño,1
priorizando,1
disuasion,4
vinculando,1
nuevos,8
escenarios,13
desa,2
rrollaran,1
toma,6
informada,4
instrumentos,28
tales,2
territorializacion,2
actualizar,2
formular,6
diseñar,10
territo,2
rial,1
materia,6
seguri,1
formulado,4
diseñados,1
fortalecidos,2
rediseñada,1
abordar,1
feno,1
afectan,2
credibilidad,1
institucion,1
emociona,1
comunicacionales,3
formacion,24
tendientes,1
consigue,1
elemento,2
ayuda,1
regular,1
interacciones,2
conjugan,1
hogar,1
estar,2
enmarcadas,1
convi,2
vencia,2
norma,2
restableciendo,1
fortale,1
ciendo,1
aumentando,1
canalizando,1
intermedio,1
comunitarias,3
situaciones,2
atentan,1
misma,1
articular,5
atiendan,1
comentarios,1
inquietudes,1
quejas,1
recomendaciones,1
provenientes,1
consejos,2
posibilitando,2
comportamiento,1
corresponsabilidad,5
autorregulacion,2
vuelven,1
agentes,11
comunitario,2
inciden,3
joven,1
barras,1
populares,1
formativos,6
dirigidos,2
futbol,2
comites,1
barristas,1
formados,3
comercio,1
nocturna,1
continuo,5
llevando,1
cabo,1
doble,1
via,2
apunte,1
lado,1
otro,1
estructuras,2
crimen,3
organizado,2
diseño,2
operativo,1
consolidacion,8
lugares,1
zonas,5
adicionalmente,2
dispuestos,1
emer,1
gencias,1
siesm,6
diseñaran,1
implementaran,1
recepcion,2
despacho,3
agencias,2
vinculadas,3
funcionamiento,4
unico,2
emergencias,3
nuse,2
disponibilidad,3
operativa,3
funcio,1
namiento,1
subsistemas,3
rios,2
focalizada,2
corresponsables,2
sistemas,6
concentrados,1
coordinada,4
realizacion,4
operativas,1
reduc,1
hacerle,1
organiza,1
protocolo,6
orientados,5
ampliacion,3
equipos,1
amenaza,1
tecnologia,11
convertir,1
principales,1
punta,3
artificial,5
procesamiento,3
video,3
vigilancia,9
aerea,3
innovaciones,3
reaccion,4
comision,5
delictivos,5
utilizar,3
cum,1
plimiento,1
funciones,2
estatales,1
obligaciones,3
detencion,1
preventiva,2
mineria,1
tecnicas,2
infor,1
macion,1
focalizar,1
disuadir,1
reaccionar,1
mantener,3
tecnologica,2
brinde,1
disua,1
sion,2
carcel,1
sindicados,1
permita,9
dignas,2
tencion,1
perifericas,1
telecomunicaciones,1
infraestructuras,2
fisicas,2
diseñadas,1
establecimiento,1
carcelario,1
construido,1
productos,2
tanque,1
pensamiento,1
investigaciones,2
academicas,1
universidades,1
investigacion,3
consultoria,1
convenios,1
acuerdos,4
intercambio,2
suscritos,1
escenario,1
individuos,1
desarrollan,2
potencialidades,2
construyen,1
colectividad,1
depende,2
profundamente,1
incidirla,1
decidirla,1
definido,3
ella,1
posible,1
real,4
democracia,16
derrote,1
apatia,1
despolitizacion,1
clientelismo,1
compromisos,1
garantizarlo,1
politizada,1
miles,1
organizativos,1
constitucion,2
legales,2
constitucionales,2
cualificando,1
deliberacion,2
blica,1
formalmente,1
establecidos,2
favorable,1
dinamizacion,2
intereses,2
privados,6
sinergias,5
externos,1
favoreciendo,1
tal,1
modo,1
garantice,5
comunas,3
corregimientos,6
instancias,9
incluyan,1
comunal,5
redes,11
potencian,1
organizativas,5
visibilizacion,5
movi,1
lizacion,1
ciudadanias,4
protegi,1
promovidos,2
presupuesto,4
derivada,1
mativos,1
propiciar,1
innovar,2
favo,1
rezcan,1
ciudades,1
asentamientos,1
inclusivos,1
resilientes,1
laciona,1
instancia,1
participativa,8
encuesta,3
ecv,2
continuar,1
avanzando,1
socie,1
comunales,3
cumplen,1
sostenimiento,1
dinamicas,6
reivindicacion,1
asesoria,5
considerando,2
promocionando,1
liderazgos,2
expresiones,4
potentes,1
posibiliten,4
asuntos,3
comu,2
estimulos,1
democraticas,1
proyeccion,2
representatividad,2
ejercer,2
actuaciones,2
acompañar,3
asesorar,7
integralmente,1
segun,1
particularidades,1
incentivos,1
participativas,2
reclaman,2
esce,1
narios,1
voz,1
figuras,1
nutrir,1
encontrar,2
caminos,1
alternativos,13
adecuacion,1
dotacion,1
conformacion,2
zonal,2
integracion,9
dana,1
autogestion,1
innovadores,1
relevantes,1
dignatarios,1
dignatarias,1
asesorados,1
acompañados,1
operando,3
gestionados,1
administrados,1
caracterizadas,1
tecnico,2
intersectorial,2
creencias,2
creado,2
profundizacion,1
dada,1
punto,4
llegada,1
nuestras,1
plantearse,1
democratizacion,4
constantes,1
pues,3
alla,1
demo,1
cracia,1
reglas,1
significado,1
trasciende,1
eleccion,1
gobernantes,1
decir,1
agota,1
promesa,1
influir,1
comun,2
apuntan,4
implicar,1
mayorias,1
apertura,1
igualdad,8
tradicionales,1
construya,1
mundo,1
profundizarse,1
necesita,1
participar,3
problemas,3
solidaria,2
devenir,1
historico,1
trae,1
contemporaneidad,1
protagonismo,1
darse,1
acompasada,1
trascendente,1
constituyente,1
mirar,1
profundizar,1
virtuosas,1
desmotivacion,1
insuficiencia,1
movili,1
zacion,1
motiven,1
estimulen,1
distintos,4
despliegan,1
consejo,2
muni,1
cipal,1
dotar,1
largo,2
incorpore,1
tendencias,1
cambios,3
participativos,2
anticipe,1
futuros,1
oriente,1
flexible,1
arquitectura,1
suficiente,1
deliberativa,1
cualificar,2
diante,2
ciudada,1
buscando,2
torno,1
comuna,3
corregimiento,1
cuales,4
pueda,1
junta,1
administradora,1
promo,1
presupuesta,1
den,1
colectivamente,1
diversidad,1
incentivando,1
atendiendo,3
juntas,2
administradoras,2
materialmente,1
construyo,1
oficina,1
creada,1
discriminacion,1
razon,1
fortalecidas,1
ruta,2
subsistema,1
consolidado,2
movilizadas,1
ediles,1
perciben,1
honorarios,1
observatorio,1
promocionar,1
lectura,1
recurso,1
crear,1
oportunidades,6
responder,2
impone,1
inteligente,1
convierten,1
delibera,1
enlazamiento,2
esperados,1
reconocen,1
vias,1
legitimidad,1
fortaleciendo,1
flujos,1
informa,1
conocimientos,2
cualifican,1
afianzar,1
colaborativo,2
alianzas,8
fortalezcan,2
posibilite,1
mejoras,1
produccion,4
cualificada,1
suman,1
afianzando,1
informadas,1
vivencia,1
colaborativa,1
confluyen,1
abordaje,2
comprender,1
conjuntamente,1
elevando,1
promueven,1
fortalecido,3
hub,1
transicion,2
region,4
señalados,1
escuela,1
adultas,1
activa,8
incidente,2
lide,1
razgos,1
red,1
apostando,1
trazadas,1
constituir,1
orientacion,1
pedagogica,2
armonizar,2
areas,2
finalidad,1
arti,1
cular,1
formativas,2
ofertadas,1
integre,1
esfuerzos,1
desarrolle,1
deberes,1
diseñen,1
pongan,1
marcha,3
virtual,4
dispositivo,1
movil,1
aprendizajes,2
interactivos,1
amigable,1
aprendizaje,1
autonomo,1
independiente,1
metodologia,2
ñamiento,1
herramienta,1
desarrollando,1
pedagogicos,1
presenciales,2
virtuales,2
basados,2
curso,1
experiencial,1
potencien,1
critica,1
autonoma,1
propenda,1
equitativas,1
funda,1
mentadas,1
equidad,9
educativa,1
adultos,1
capaz,1
incidir,1
orientar,4
descen,1
tralizados,1
orden,3
acom,1
pañamiento,1
divulgacion,7
etarios,1
vinculan,1
sfpc,1
privilegiado,1
turo,1
equilibrar,1
deseado,1
fundamenta,1
ineditas,1
fines,1
horizontales,1
transparentes,1
implica,2
radica,2
llevada,1
incorporar,2
virtud,1
previos,1
regionales,1
ordenamiento,4
articulada,2
escalar,1
coproduccion,1
circular,2
armonia,4
visiones,1
pot,12
subdireccion,1
naturales,1
dio,1
cretaria,1
financiacion,5
secreta,1
ria,1
edu,1
trazador,3
presupuestal,3
verificacion,2
ocupacion,7
catastral,5
turada,1
ladm,2
col,1
regional,6
concertada,2
fomento,1
agricola,1
tradicional,1
exportador,1
emprendedores,1
metros,2
agropecuarios,1
cuadrados,2
incremento,1
comercializacion,1
mercadeo,1
mercados,1
campesinos,1
aprobado,1
procedimientos,1
algunos,1
actualizados,2
etc,1
favorezcan,1
medira,1
ics,1
propia,1
fisicoespaciales,1
habitabilidad,1
espera,1
superior,1
urbano,2
rural,2
area,2
metropolitana,2
formulacion,9
adopcion,3
complementa,1
corporativas,1
geografica,1
concrecion,1
equilibrada,3
requerimientos,2
blacion,1
revision,3
ajuste,2
operacion,1
estructuracion,3
simultanea,1
financieras,1
administrativas,1
descentralizadas,4
enfocandose,1
orientadores,2
determinan,1
ordena,1
miento,2
concretar,1
dirigida,1
urbanisticas,4
suelo,3
urbana,1
incluya,1
complementaria,2
division,1
divipola,1
unidades,1
barrios,2
veredas,1
esten,1
acordes,1
adecuadas,1
proximidad,1
instrumento,3
valorizacion,1
mecanismo,2
alternativo,1
articulador,1
autosostenible,1
planeado,1
reglamentacion,2
fisico,1
espacial,1
evaluado,1
adminis,6
actualizado,3
trativo,6
formulados,1
adoptados,1
fonvalmed,1
elaborados,3
patrimonial,2
restauradas,1
sistematizado,1
presupuestos,3
sensibles,2
nalidad,1
desigualdad,2
consecuencia,1
transversalizacion,1
ade,1
cuacion,1
captura,1
ejecutadas,3
mede,1
llin,1
transforme,1
desigualdades,1
brindar,1
mujer,2
uni,1
ficado,1
inversiones,1
suifp,1
julio,1
expedida,1
administrativamente,1
accesibilidad,1
dispo,1
nibilidad,1
posibilitan,1
materializacion,2
coordinar,2
incorporacion,2
unica,2
permitira,1
robustecer,1
permitir,1
ponerla,1
permitiendo,1
tomar,1
planear,1
verificar,2
fuentes,3
integrada,1
hogares,1
geih,1
economicas,2
cla,1
sificacion,1
socioeconomica,3
personassistema,1
beneficiarios,3
sisben,2
poblaciones,1
especiales,1
estadistico,4
pem,1
emprender,1
normativo,1
estadistica,2
ponerlas,1
anonimizada,2
socioeconomicas,1
barrio,1
candelaria,1
caracterizacion,2
apoye,1
bus,1
cando,1
reducir,1
erradicar,1
pobreza,1
terminar,1
decente,1
crecimiento,1
ordenador,1
socia,1
diagnosticos,1
vulnerabilidad,1
generadas,1
socioeconomico,1
certificada,1
dnp,1
condicion,1
par,2
tida,1
ahi,1
cofinanciacion,2
aportan,1
armo,1
nico,1
dependencia,1
equilibren,1
propicien,1
interrelaciona,1
autonomos,1
rectores,1
concurrencia,1
subsidiariedad,1
bases,1
armonico,1
operaciones,1
urbanos,2
enmar,1
cadas,1
principalmente,1
consagrados,1
implementa,1
medellinregion,1
consenso,1
prospectiva,1
particulares,1
enfrentar,1
integrar,1
usos,2
resaltan,1
resi,1
dencial,1
educativo,3
acervo,1
distrito,2
ignacio,2
uniendo,1
voluntades,1
adecua,1
urbanismo,1
resiliente,1
prospero,1
generados,1
entregados,1
desembolsados,1
infraes,1
autopistas,1
prosperidad,1
tructura,1
sif,1
migracion,4
poblacional,1
migrante,5
reside,1
acceda,1
internacional,1
armoni,1
zada,1
basicos,1
insercion,1
retornados,1
receptora,1
estabilizacion,1
exitosa,1
ordenada,1
migratoria,2
venezo,1
lana,1
mitigacion,1
emergencia,1
humanitaria,1
aprobados,1
normativas,1
migrantes,3
vulnerables,1
tengan,1
objetos,1
misionales,1
mandatos,1
velar,1
regula,1
relacionadas,2
constructivas,2
actividad,2
edificadora,2
alertas,1
tempranas,1
intervenir,1
rapidos,1
descontrolados,1
urbanizacion,1
informal,1
ubicacion,1
inapropiadas,1
incorpo,1
racion,1
reportados,1
detectado,1
llevar,1
catastro,3
encaminados,1
multiproposito,2
land,1
administration,1
domain,1
model,1
iso,1
conjunta,1
snr,1
igac,1
garante,1
medioambiente,1
dinamica,1
inmobiliaria,1
ocupa,1
construcciones,1
lega,1
ilegales,1
presentados,1
oficio,1
solicitud,1
estableci,1
das,1
indiquen,1
obras,1
licenciadas,1
monitorear,1
conatos,1
inva,1
recorridos,1
drones,1
estratificacion,2
nomenclatura,1
homologacion,1
espaciales,1
ide,1
estructurada,1
verificados,1
recuperado,1
adecuado,2
estrategicamente,1
nicaciones,1
ambitos,2
informativos,1
publicidad,1
marca,1
digital,1
regiran,1
comunicativas,2
crisis,1
acerca,2
fomentando,1
dineros,1
ofrece,1
relacionamiento,2
directo,1
lazos,2
integran,1
consideran,2
socializacion,1
liderar,1
glomerado,1
divulgados,1
movilizados,1
ejes,1
independien,2
tes,2
rrollo,1
independientes,9
coparticipes,1
direccionan,1
comuni,1
cacion,1
posicionamiento,1
aplicar,1
dirigidas,4
encuentro,1
premio,1
asesoradas,3
dirigir,4
comunica,1
normatividad,1
utilidad,1
gratuidad,1
imagen,1
corporativa,1
definiendo,1
oficial,1
mensajes,1
campañas,1
facilita,1
comunicacional,2
propiciando,1
prestarles,1
asistir,1
secretarias,2
disminucion,1
discriminatorias,1
atenten,1
direccionados,1
gestores,5
formales,18
civilidad,1
mulacion,1
propuestas,3
mejoren,2
asociados,1
ciudadaniaestado,1
definicion,1
participa,2
identifi,1
cados,1
participes,1
caracterizados,1
formuladas,1
encuentran,2
responden,1
obstante,1
incorporadas,1
complementan,1
apo,1
yan,1
expresan,1
siguientes,1
cluyen,1
pretenden,1
equiparacion,1
car,1
gos,1
directivos,1
decisorio,1
conpes,1
vista,1
diferencial,3
avanza,1
tipos,1
discapacidad,3
existen,1
planta,2
encuentra,1
referente,2
aspecto,1
determina,1
proporcion,1
expresa,2
adopta,1
afectada,1
ampara,1
quienes,1
sufrieron,1
despojo,1
abandono,1
tierras,1
secuestro,1
tortura,1
reclutamiento,1
menores,1
minas,1
antipersona,1
sexual,1
dara,1
decreto,2
crea,1
subcomites,1
forman,1
etnico,1
sufrido,1
rigor,1
recibir,1
igualmente,1
puesto,1
cuanto,1
partida,1
fenomenos,2
tructural,1
momento,1
decidir,1
seguro,1
armonicas,1
convivientes,1
proyectar,1
destinos,1
desarrolla,1
estatutaria,1
desatan,1
serie,1
puesta,1
favorecen,1
incrementan,1
tinuidad,1
ventaja,1
tenga,1
surgimiento,1
dis,1
tintas,1
ambito,1
venido,1
interactue,1
debera,1
tic,1
electronicos,1
entonces,1
poder,1
articulo,1
pla,1
nificacion,1
abarcan,1
portante,1
democraticos,1
ellos,1
identifican,1
surgen,1
optima,1
legitimacion,1
caso,1
moradores,1
produc,1
tivas,1
aborda,1
ampliamente,1
ecociudad,1
generara,1
afecta,1
macroproyectos,1
diversas,1
banco,1
sectorial,1
logro,1
infancia,1
juventud,1
litica,1
definen,1
representan,1
insumo,1
lenguaje,1
importancia,1
favorezca,1
